단지명,법정동,계약날짜,거래금액,평당가격,전용면적,층,층구간,건축년도,건물연령
개나리푸르지오,역삼동,2026-06-27,3800000000,94568394.7,132.8355,21,고층,2006,20
청담현대3차아파트,청담동,2026-06-20,2400000000,132342285.2,59.95,9,중층,1999,27
도곡렉슬,도곡동,2026-06-29,4500000000,123122775.2,120.8233,12,중층,2006,20
대우디오빌,역삼동,2026-06-23,305000000,33575391.3,30.03,18,고층,2002,24
타워팰리스2,도곡동,2026-06-16,3650000000,104351552.4,115.63,4,저층,2003,23
이지마루역삼,역삼동,2026-06-22,395000000,49275132.1,26.5,7,중층,2018,8
개포주공7단지,개포동,2026-06-20,2980000000,184273924.4,53.46,3,저층,1983,43
삼성동중앙하이츠빌리지,삼성동,2026-06-12,4350000000,94000719.0,152.98,6,중층,2004,22
신동아,수서동,2026-06-16,1835000000,153456691.1,39.53,14,중층,1992,34
경남아너스빌,역삼동,2026-06-09,1560000000,63657042.7,81.013,10,중층,2002,24
이산,논현동,2026-06-11,550000000,31797656.5,57.18,2,저층,2011,15
도곡우성아파트,도곡동,2026-06-22,2700000000,105218201.1,84.83,14,중층,1986,40
현대썬앤빌테헤란,대치동,2026-06-26,492000000,45029169.4,36.12,6,중층,2016,10
현대썬앤빌테헤란,대치동,2026-06-11,770000000,51695085.3,49.24,7,중층,2016,10
샘터마을,일원동,2026-06-10,3080000000,88257060.1,115.366,3,저층,1994,32
대치더클래스,대치동,2026-06-22,2350000000,92242104.0,84.22,4,저층,2022,4
"쌍용대치아파트1동,2동,3동,5동,6동",대치동,2026-06-25,4700000000,104417069.9,148.8,14,중층,1983,43
선경1차(1동-7동),대치동,2026-06-23,5070000000,122625153.6,136.68,8,중층,1983,43
청담건영,청담동,2026-06-11,3300000000,128957267.0,84.595,5,저층,1994,32
한양6,압구정동,2026-06-30,5200000000,155229907.9,110.74,1,저층,1980,46
까치마을,수서동,2026-06-20,1450000000,139181475.0,34.44,6,중층,1993,33
개포우성2,대치동,2026-06-24,6200000000,128420802.0,159.6,6,중층,1984,42
두산위브1단지,논현동,2026-06-29,2120000000,82457331.8,84.993,8,중층,2004,22
한신(개포),도곡동,2026-06-27,3200000000,200617485.3,52.73,6,중층,1985,41
강남한신휴플러스6단지,율현동,2026-06-07,1800000000,70145467.4,84.83,3,저층,2015,11
도곡렉슬,도곡동,2026-06-27,2690000000,148266374.6,59.9772,22,고층,2006,20
개포자이프레지던스,개포동,2026-06-26,2740000000,181329014.6,49.9528,5,저층,2023,3
세곡푸르지오,세곡동,2026-06-29,1705000000,94112356.0,59.89,5,저층,2012,14
두산위브2단지,논현동,2026-06-30,2420000000,74886369.8,106.829,14,중층,2004,22
개포래미안포레스트,개포동,2026-06-06,3190000000,124269408.4,84.86,3,저층,2020,6
삼익,수서동,2026-06-19,2060000000,138413577.2,49.2,10,중층,1992,34
개포우성2,대치동,2026-06-26,5000000000,129355141.6,127.78,5,저층,1984,42
개포래미안포레스트,개포동,2026-06-06,4000000000,117050544.4,112.97,10,중층,2020,6
한양수자인어반게이트,논현동,2026-06-30,180000000,36731111.1,16.2,6,중층,2013,13
현대13차(208~211동),압구정동,2026-06-03,6100000000,185907439.8,108.47,11,중층,1983,43
대치더클래스,대치동,2026-06-03,2080000000,81741131.7,84.12,4,저층,2022,4
삼성동센트럴아이파크,삼성동,2026-06-26,3880000000,150988864.0,84.95,19,고층,2018,8
수서,일원동,2026-06-29,1905000000,105064214.2,59.94,11,중층,1992,34
푸른마을아파트101동~111동,일원동,2026-06-27,2300000000,127231258.4,59.76,11,중층,1994,32
은마,대치동,2026-06-12,3480000000,149813569.5,76.79,9,중층,1979,47
청담신원아침도시마인,청담동,2026-06-18,330000000,40273705.6,27.0875,5,저층,2013,13
도곡렉슬,도곡동,2026-06-27,2900000000,159828814.7,59.9818,14,중층,2006,20
삼성빌라트,논현동,2026-06-17,1377000000,37626769.7,120.98,5,저층,1998,28
힐타워,논현동,2026-06-10,1290000000,38603077.8,110.47,2,저층,2001,25
신동아(22),논현동,2026-06-27,1330000000,123053848.3,35.73,2,저층,1997,29
대치르엘,대치동,2026-06-22,2800000000,154277866.3,59.9972,4,저층,2021,5
강남센트럴아이파크,역삼동,2026-06-11,2920000000,161029877.4,59.945,29,고층,2022,4
프리마빌,역삼동,2026-06-26,1050000000,37586248.0,92.35,1,저층,2003,23
래미안블레스티지,개포동,2026-06-09,3126000000,121661535.2,84.94,21,고층,2019,7
개포자이프레지던스,개포동,2026-06-25,2480000000,178703966.5,45.8769,5,저층,2023,3
개포우성2,대치동,2026-06-24,6100000000,126349498.7,159.6,8,중층,1984,42
개포자이르네,개포동,2026-06-11,1440000000,93585208.3,50.8665,7,중층,2022,4
강남엘에이치1단지,세곡동,2026-06-25,1920000000,84922879.3,74.74,14,중층,2013,13
은마,대치동,2026-06-23,3370000000,145078083.1,76.79,2,저층,1979,47
신동아,수서동,2026-06-25,1595000000,158913532.2,33.18,7,중층,1992,34
한화진넥스빌,역삼동,2026-06-24,345000000,29094413.3,39.2,19,고층,2001,25
강남자곡 힐스테이트,자곡동,2026-06-05,1300000000,50924754.1,84.39,3,저층,2015,11
한양1차(영동한양),압구정동,2026-06-12,5650000000,204777656.0,91.21,5,저층,1977,49
삼익대청아파트,개포동,2026-06-01,1900000000,122868153.4,51.12,2,저층,1992,34
현대1차101동~106동,개포동,2026-06-05,3570000000,91756383.1,128.62,9,중층,1984,42
성원대치2단지아파트,개포동,2026-06-24,1600000000,159411693.8,33.18,12,중층,1992,34
개포자이프레지던스,개포동,2026-06-01,3500000000,146878375.9,78.7747,6,중층,2023,3
개포자이프레지던스,개포동,2026-06-03,3720000000,145365198.6,84.5978,13,중층,2023,3
래미안강남힐즈,자곡동,2026-06-24,2300000000,74586423.4,101.94,11,중층,2014,12
래미안블레스티지,개포동,2026-06-01,3600000000,104569801.8,113.808,1,저층,2019,7
삼성동롯데아파트,삼성동,2026-06-04,2350000000,130785016.8,59.4,2,저층,2000,26
현대2,개포동,2026-06-04,3250000000,126681405.5,84.81,1,저층,1986,40
디에이치자이개포,일원동,2026-06-06,4320000000,137502946.3,103.86,21,고층,2021,5
현대13차(208~211동),압구정동,2026-06-11,6100000000,191231673.8,105.45,5,저층,1983,43
래미안블레스티지,개포동,2026-06-03,3500000000,115713414.2,99.991,3,저층,2019,7
삼환(101동),청담동,2026-06-23,2150000000,83735509.0,84.88,1,저층,1999,27
신현대9차,압구정동,2026-06-16,6625000000,196632474.4,111.38,11,중층,1982,44
이산,논현동,2026-06-20,700000000,36027712.9,64.23,5,저층,2011,15
풍림(1차),삼성동,2026-06-22,2850000000,111129157.8,84.78,3,저층,1998,28
"현대5차(71,72동)",압구정동,2026-06-03,5500000000,221110300.4,82.23,4,저층,1977,49
풍림아이원2차202동,대치동,2026-06-23,2550000000,53964470.9,156.21,7,중층,2003,23
개포자이프레지던스,개포동,2026-06-06,3480000000,135986798.7,84.5978,2,저층,2023,3
도곡렉슬,도곡동,2026-06-06,4130000000,113878435.8,119.8906,5,저층,2006,20
압구정대원칸타빌아파트,신사동,2026-06-22,1650000000,91320442.0,59.73,8,중층,2001,25
삼성동대성유니드,삼성동,2026-06-11,1680000000,66171142.6,83.93,5,저층,2004,22
대림역삼,역삼동,2026-06-15,2300000000,89493173.3,84.96,7,중층,1997,29
도곡스타클래스,도곡동,2026-06-22,1770000000,52534261.1,111.38,12,중층,2007,19
경남아너스빌,역삼동,2026-06-01,1810000000,70653433.8,84.688,15,고층,2002,24
대우로얄카운티2,청담동,2026-06-15,4730000000,64816920.9,241.24,4,저층,2002,24
삼성동한솔아파트,삼성동,2026-06-13,2130000000,120221171.2,58.57,14,중층,1998,28
도곡렉슬,도곡동,2026-06-11,4150000000,114429905.3,119.8906,5,저층,2006,20
삼성동센트럴아이파크,삼성동,2026-06-04,4130000000,160641887.3,84.99,12,중층,2018,8
신현대12차,압구정동,2026-06-10,5990000000,176722373.9,112.05,1,저층,1982,44
대우아이빌멤버스(891-26),대치동,2026-06-15,250000000,23087775.2,35.796,10,중층,2003,23
신현대12차,압구정동,2026-06-20,6000000000,177017402.9,112.05,1,저층,1982,44
강남데시앙파크,세곡동,2026-06-20,1510000000,58761130.1,84.95,6,중층,2011,15
개포주공6단지,개포동,2026-06-20,3200000000,175928155.7,60.13,9,중층,1983,43
아이파크,삼성동,2026-06-09,9770000000,165300151.5,195.388,5,저층,2004,22
대우아이빌명문가(891-23),대치동,2026-06-09,260000000,25998427.1,33.06,10,중층,2004,22
은마,대치동,2026-06-20,3450000000,148522073.2,76.79,13,중층,1979,47
까치마을,수서동,2026-06-19,2015000000,134569434.3,49.5,14,중층,1993,33
도곡스타클래스,도곡동,2026-06-19,1900000000,55707494.5,112.75,16,고층,2007,19
강남자곡 힐스테이트,자곡동,2026-06-19,1394000000,88689091.6,51.96,5,저층,2015,11
청담자이,청담동,2026-06-18,5050000000,187334231.0,89.115,34,고층,2011,15
강남데시앙파크,세곡동,2026-06-19,1520000000,59136354.0,84.97,9,중층,2011,15
신동아(22),논현동,2026-06-19,1350000000,124904282.1,35.73,4,저층,1997,29
강남브리즈힐(토지임대부아파트),자곡동,2026-06-18,1250000000,55811048.1,74.04,14,중층,2014,12
한양3,압구정동,2026-06-08,6000000000,169615187.3,116.94,10,중층,1978,48
청담자이,청담동,2026-06-08,2485000000,165493120.3,49.639,3,저층,2011,15
현대8차(성수현대:91~95동),압구정동,2026-06-17,7000000000,141385715.2,163.67,6,중층,1980,46
도곡렉슬,도곡동,2026-06-03,3400000000,132234489.1,84.9984,2,저층,2006,20
디에이치아너힐즈,개포동,2026-06-06,3480000000,136374977.8,84.357,16,고층,2019,7
타워팰리스1,도곡동,2026-06-05,4430000000,106708641.8,137.24,10,중층,2002,24
래미안블레스티지,개포동,2026-06-13,3920000000,129630137.9,99.967,23,고층,2019,7
래미안대치팰리스,대치동,2026-06-16,4450000000,160091522.5,91.89,20,고층,2015,11
BRUNNEN청담,청담동,2026-06-12,5200000000,84768282.5,202.79,3,저층,2019,7
한신(개포),도곡동,2026-06-17,3640000000,143490484.1,83.86,8,중층,1985,41
도곡렉슬,도곡동,2026-06-04,3915000000,112547683.3,114.9931,2,저층,2006,20
강남센트럴아이파크,역삼동,2026-06-04,4300000000,123376440.8,115.216,19,고층,2022,4
래미안라클래시,삼성동,2026-06-16,3620000000,166323780.4,71.95,23,고층,2021,5
신현대11차,압구정동,2026-06-16,9400000000,169426530.7,183.41,4,저층,1983,43
강남자곡 힐스테이트,자곡동,2026-06-12,1400000000,89070823.7,51.96,12,중층,2015,11
삼성동롯데아파트,삼성동,2026-06-04,2350000000,130785016.8,59.4,2,저층,2000,26
도곡렉슬,도곡동,2026-06-13,4180000000,115257109.4,119.8906,5,저층,2006,20
마일스디오빌,논현동,2026-06-05,372000000,33886955.1,36.29,14,중층,2004,22
삼익,도곡동,2026-06-01,2800000000,60218853.7,153.71,6,중층,1983,43
선경1차(1동-7동),대치동,2026-06-02,6000000000,121002928.3,163.92,9,중층,1983,43
세곡푸르지오,세곡동,2026-06-15,1880000000,83153652.7,74.74,15,고층,2012,14
하이페리온,도곡동,2026-06-10,3150000000,57027765.6,182.6,5,저층,2004,22
"현대6차(78~81,83,84,86,87동)",압구정동,2026-06-05,7920000000,166382409.8,157.36,8,중층,1978,48
한보미도맨션1,대치동,2026-06-06,4040000000,158089867.4,84.48,11,중층,1983,43
럭키(963),도곡동,2026-06-14,2620000000,101932399.7,84.97,11,중층,1995,31
래미안블레스티지,개포동,2026-06-13,3920000000,129630137.9,99.967,23,고층,2019,7
성원대치2단지아파트,개포동,2026-06-13,1500000000,149448462.9,33.18,5,저층,1992,34
세곡푸르지오,세곡동,2026-06-12,1910000000,74423361.6,84.84,9,중층,2012,14
논현파라곤,논현동,2026-06-13,1550000000,60710782.0,84.4,7,중층,2007,19
그랜빌캐슬,도곡동,2026-06-11,2500000000,60705891.0,136.14,2,저층,2003,23
신동아,수서동,2026-06-12,1610000000,160408016.9,33.18,5,저층,1992,34
개포자이프레지던스,개포동,2026-06-02,4300000000,138326605.9,102.7636,7,중층,2023,3
현대아파트3,개포동,2026-06-02,4010000000,80904839.8,163.85,6,중층,1986,40
마일스디오빌,논현동,2026-06-12,350000000,31882887.8,36.29,12,중층,2004,22
현대1차101동~106동,개포동,2026-06-10,4000000000,74627236.3,177.19,3,저층,1984,42
성원대치2단지아파트,개포동,2026-06-11,1715000000,143421376.2,39.53,3,저층,1992,34
논현동한화꿈에그린,논현동,2026-06-04,1110000000,54224675.3,67.671,1,저층,2005,21
한솔마을,일원동,2026-06-08,2650000000,137396016.3,63.76,2,저층,1994,32
삼성동힐스테이트 1단지,삼성동,2026-06-10,1730000000,182123240.6,31.402,16,고층,2008,18
우민,논현동,2026-06-09,1430000000,63234623.7,74.758,4,저층,2002,24
삼성동롯데캐슬킹덤,삼성동,2026-06-01,2780000000,69807246.5,131.65,4,저층,2005,21
신현대12차,압구정동,2026-06-10,6100000000,186182070.0,108.31,11,중층,1982,44
펜트힐루논현,논현동,2026-06-02,1000000000,76184550.1,43.392,8,중층,2021,5
타워팰리스3,도곡동,2026-06-04,5700000000,115105863.1,163.702,21,고층,2004,22
한일,삼성동,2026-06-08,2290000000,94286735.6,80.29,9,중층,2001,25
현대1차101동~106동,개포동,2026-06-02,3060000000,106035094.3,95.4,5,저층,1984,42
은마,대치동,2026-06-03,3770000000,147611820.4,84.43,3,저층,1979,47
도곡렉슬,도곡동,2026-06-06,3640000000,141568688.4,84.9984,11,중층,2006,20
까치마을,수서동,2026-06-08,1535000000,147340389.1,34.44,7,중층,1993,33
현대4,일원동,2026-06-05,2420000000,94140221.2,84.98,1,저층,1987,39
신현대11차,압구정동,2026-06-02,9200000000,165821710.9,183.41,3,저층,1983,43
풍림(1차),삼성동,2026-06-01,2200000000,121821775.5,59.7,9,중층,1998,28
개포래미안포레스트,개포동,2026-06-03,2700000000,148959612.8,59.92,4,저층,2020,6
개포래미안포레스트,개포동,2026-06-06,3250000000,126606764.1,84.86,7,중층,2020,6
한양1차(영동한양),압구정동,2026-06-05,3890000000,257294157.7,49.98,11,중층,1977,49
동부센트레빌,대치동,2026-06-05,5900000000,133746279.9,145.83,12,중층,2005,21
거평프리젠,논현동,2026-06-02,350000000,38293231.8,30.215,7,중층,1996,30
강남 더샵 포레스트,수서동,2026-06-05,3200000000,84914335.6,124.5792,10,중층,2016,10
도곡1차아이파크,도곡동,2026-06-04,2510000000,61559608.0,134.789,25,고층,2007,19
신현대9차,압구정동,2026-06-04,6100000000,185207384.3,108.88,2,저층,1982,44
삼성동힐스테이트 1단지,삼성동,2026-06-04,3600000000,141280212.7,84.236,13,중층,2008,18
개포더샵트리에,개포동,2026-06-04,2850000000,87073770.6,108.2017,8,중층,2021,5
성원대치2단지아파트,개포동,2026-06-03,1710000000,143003238.0,39.53,9,중층,1992,34
새롬(1164-14),개포동,2026-06-03,820000000,46793647.5,57.93,6,중층,2000,26
개포더샵트리에,개포동,2026-06-03,2800000000,87482798.8,105.8064,14,중층,2021,5
성원대치2단지아파트,개포동,2026-06-03,1520000000,151441109.1,33.18,5,저층,1992,34
개포주공7단지,개포동,2026-06-03,3050000000,165942890.1,60.76,3,저층,1983,43
개포래미안포레스트,개포동,2026-06-03,3200000000,124658967.7,84.86,11,중층,2020,6
래미안대치팰리스,대치동,2026-06-03,4400000000,171184182.7,84.97,15,고층,2015,11
강남자곡 힐스테이트,자곡동,2026-06-02,1540000000,84947972.6,59.93,3,저층,2015,11
타워팰리스3,도곡동,2026-06-03,3600000000,95481262.2,124.641,30,고층,2004,22
까치마을,수서동,2026-06-03,1690000000,141080858.6,39.6,12,중층,1993,33
럭키(963),도곡동,2026-06-02,2580000000,100376179.8,84.97,13,중층,1995,31
래미안삼성2차,삼성동,2026-06-02,3100000000,101084829.4,101.38,4,저층,2007,19
삼성동힐스테이트 1단지,삼성동,2026-06-02,2700000000,105960159.6,84.236,5,저층,2008,18
성원대치2단지아파트,개포동,2026-06-02,1530000000,152437432.2,33.18,12,중층,1992,34
타워팰리스1,도곡동,2026-06-02,4500000000,85166886.1,174.67,13,중층,2002,24
청담대림이-편한세상,청담동,2026-06-01,2550000000,103003299.1,81.84,8,중층,2002,24
개포래미안포레스트,개포동,2026-06-02,2730000000,150614719.6,59.92,12,중층,2020,6
삼익대청아파트,개포동,2026-06-02,1930000000,124808176.8,51.12,13,중층,1992,34
동부센트레빌,대치동,2026-06-01,5400000000,122411849.4,145.83,16,고층,2005,21
네오블로썸,삼성동,2026-06-01,1500000000,49018386.7,101.16,4,저층,2009,17
아이파크,삼성동,2026-06-01,6650000000,151562745.6,145.046,9,중층,2004,22
대치현대,대치동,2026-06-01,2420000000,133735138.7,59.82,4,저층,1999,27
신동아(22),논현동,2026-06-01,2100000000,82136535.7,84.52,8,중층,1997,29
개포우성3차,개포동,2026-06-01,2950000000,93384180.8,104.43,1,저층,1984,42
