"동별(1)","동별(2)",시점,발생 (건),발생 (건),발생 (건),발생 (건),소실,소실,소실,피해액 (천원),피해액 (천원),피해액 (천원),재산피해경감액 (천원),인명피해 (명),인명피해 (명),인명피해 (명),인명피해 (명),사망 (명),사망 (명),사망 (명),사망 (명),부상 (명),부상 (명),부상 (명),부상 (명),이재민수 (명),인명구조 (명)
"동별(1)","동별(2)",시점,소계,실화,방화,기타,동수 (동),이재세대수 (가구),면적 (m²),소계,부동산,동산,소계,소계,남,여,미상,소계,남,여,미상,소계,남,여,미상,소계,소계
"합계","소계",2020,5088,4523,98,467,577,147,29895,17438606,7298842,10139764,423641298,-,-,-,-,37,-,-,-,236,-,-,-,300,386
"합계","소계",2021,4951,4399,87,465,468,282,21723,18268346,6872172,11396174,336039670,-,-,-,-,37,-,-,-,280,-,-,-,597,383
"합계","소계",2022,5396,4756,109,531,586,234,34065,16592551,6614971,9977580,711916833,362,228,134,-,37,27,10,-,325,201,124,-,477,472
"합계","소계",2023,5671,5039,109,523,415,249,80770,16539914,6954032,9585882,2792405875,307,188,119,-,24,15,9,-,283,173,110,-,529,366
"합계","소계",2024,5654,5048,89,517,348,340,34822,21583897,11563623,10020274,834271536,328,185,130,13,23,14,9,-,305,171,121,13,740,426
"합계","종로구",2020,217,179,6,32,2,16,772,639751,192633,447118,31378721,-,-,-,-,2,-,-,-,5,-,-,-,16,13
"합계","종로구",2021,192,169,1,22,-,1,390,465499,169588,295911,21075683,-,-,-,-,-,-,-,-,12,-,-,-,3,3
"합계","종로구",2022,191,159,2,30,2,1,501,272206,151976,120230,19510470,12,6,6,-,2,1,1,-,10,5,5,-,3,18
"합계","종로구",2023,201,167,4,30,6,5,60658,423169,215173,207996,3916546,14,8,6,-,1,1,-,-,13,7,6,-,16,11
"합계","종로구",2024,197,174,4,19,26,6,2039,656484,292367,364117,8227631,16,4,6,6,4,2,2,-,12,2,4,6,19,15
"합계","중구",2020,185,170,2,13,51,5,740,1284422,573942,710480,25614384,-,-,-,-,-,-,-,-,10,-,-,-,8,17
"합계","중구",2021,171,136,3,32,47,6,1350,2780374,686265,2094109,19184807,-,-,-,-,-,-,-,-,16,-,-,-,8,13
"합계","중구",2022,190,155,9,26,27,5,956,2401154,551299,1849855,14502237,24,19,5,-,2,2,-,-,22,17,5,-,6,6
"합계","중구",2023,137,117,6,14,42,4,1211,1152796,620179,532617,36666553,12,8,4,-,-,-,-,-,12,8,4,-,4,77
"합계","중구",2024,173,162,3,8,31,36,859,945605,401167,544438,14944384,6,4,2,-,-,-,-,-,6,4,2,-,85,9
"합계","용산구",2020,192,176,1,15,1,-,298,269835,64235,205600,1764697,-,-,-,-,-,-,-,-,5,-,-,-,-,-
"합계","용산구",2021,176,160,1,15,6,40,422,296793,123439,173354,3767112,-,-,-,-,-,-,-,-,5,-,-,-,56,5
"합계","용산구",2022,207,173,9,25,6,11,390,270752,96719,174033,3893566,10,9,1,-,2,2,-,-,8,7,1,-,17,8
"합계","용산구",2023,219,188,5,26,2,15,223,294133,94097,200036,19826556,3,3,-,-,1,1,-,-,2,2,-,-,20,17
"합계","용산구",2024,146,124,4,18,3,8,368,296677,83276,213401,23006343,7,5,2,-,1,1,-,-,6,4,2,-,15,8
"합계","성동구",2020,187,155,1,31,1,1,693,507827,126408,381419,4852813,-,-,-,-,-,-,-,-,2,-,-,-,4,20
"합계","성동구",2021,191,163,2,26,14,9,720,458412,156128,302284,10949317,-,-,-,-,-,-,-,-,5,-,-,-,13,11
"합계","성동구",2022,215,186,5,24,34,3,1997,1085583,313315,772268,10672630,11,6,5,-,1,-,1,-,10,6,4,-,4,22
"합계","성동구",2023,199,176,1,22,16,2,463,531714,153973,377741,14166653,3,1,2,-,-,-,-,-,3,1,2,-,20,2
"합계","성동구",2024,174,127,2,45,3,3,549,454383,81230,373153,13853323,10,7,3,-,1,1,-,-,9,6,3,-,3,6
"합계","광진구",2020,186,169,3,14,40,4,878,366714,199281,167433,5987732,-,-,-,-,-,-,-,-,4,-,-,-,8,7
"합계","광진구",2021,205,187,3,15,33,6,554,889681,184833,704848,5924256,-,-,-,-,2,-,-,-,10,-,-,-,15,7
"합계","광진구",2022,145,131,2,12,15,4,419,484286,172347,311939,2761290,7,4,3,-,-,-,-,-,7,4,3,-,8,18
"합계","광진구",2023,193,180,1,12,20,3,621,354718,130724,223994,2449201,4,2,2,-,-,-,-,-,4,2,2,-,30,2
"합계","광진구",2024,223,207,5,11,13,9,793,504117,240177,263940,3042790,14,6,8,-,1,-,1,-,13,6,7,-,20,19
"합계","동대문구",2020,152,120,2,30,25,54,2689,3392558,543066,2849492,19088439,-,-,-,-,6,-,-,-,17,-,-,-,115,13
"합계","동대문구",2021,155,131,4,20,9,12,846,1209541,281555,927986,5638290,-,-,-,-,3,-,-,-,15,-,-,-,26,70
"합계","동대문구",2022,173,150,2,21,11,6,626,802227,264662,537565,15084860,14,8,6,-,2,-,2,-,12,8,4,-,19,54
"합계","동대문구",2023,158,141,3,14,9,9,324,250661,113930,136731,14407940,13,11,2,-,2,2,-,-,11,9,2,-,15,8
"합계","동대문구",2024,162,136,5,21,14,17,7410,3712098,3003269,708829,36808373,18,11,7,-,-,-,-,-,18,11,7,-,39,18
"합계","중랑구",2020,225,204,6,15,20,1,374,229566,114412,115154,17827444,-,-,-,-,2,-,-,-,12,-,-,-,6,17
"합계","중랑구",2021,213,191,4,18,4,7,604,345257,168024,177233,30283582,-,-,-,-,1,-,-,-,12,-,-,-,3,4
"합계","중랑구",2022,188,162,9,17,-,-,933,377343,180328,197015,12340538,23,12,11,-,3,2,1,-,20,10,10,-,-,8
"합계","중랑구",2023,175,152,5,18,1,4,285,371672,128285,243387,23435949,21,12,9,-,-,-,-,-,21,12,9,-,8,21
"합계","중랑구",2024,155,135,4,16,-,1,294,277519,107334,170185,10791112,8,4,4,-,-,-,-,-,8,4,4,-,2,3
"합계","성북구",2020,173,147,5,21,9,5,1361,661555,187204,474351,3130155,-,-,-,-,-,-,-,-,11,-,-,-,10,19
"합계","성북구",2021,168,153,4,11,7,72,659,493231,303121,190110,4338974,-,-,-,-,4,-,-,-,46,-,-,-,185,16
"합계","성북구",2022,158,135,6,17,20,5,837,338543,131717,206826,27621075,14,6,8,-,1,1,-,-,13,5,8,-,9,4
"합계","성북구",2023,246,227,5,14,13,1,440,405784,149697,256087,31440498,8,7,1,-,-,-,-,-,8,7,1,-,2,10
"합계","성북구",2024,286,270,2,14,27,2,864,692400,281360,411040,10337895,12,7,5,-,1,-,1,-,11,7,4,-,4,14
"합계","강북구",2020,186,165,5,16,33,1,398,208380,99841,108539,4727912,-,-,-,-,1,-,-,-,5,-,-,-,2,28
"합계","강북구",2021,146,130,3,13,41,-,488,410205,211977,198228,2545392,-,-,-,-,5,-,-,-,14,-,-,-,-,21
"합계","강북구",2022,155,130,7,18,36,8,585,333463,178589,154874,5704307,14,8,6,-,1,1,-,-,13,7,6,-,11,16
"합계","강북구",2023,200,184,5,11,24,5,704,502071,160192,341879,9244941,10,5,5,-,2,2,-,-,8,3,5,-,14,1
"합계","강북구",2024,199,186,3,10,13,3,814,375537,181649,193888,9007905,6,5,1,-,2,2,-,-,4,3,1,-,12,3
"합계","도봉구",2020,163,136,5,22,6,-,829,491309,184209,307100,5981648,-,-,-,-,-,-,-,-,7,-,-,-,-,8
"합계","도봉구",2021,140,125,3,12,3,2,324,219916,146778,73138,24225187,-,-,-,-,-,-,-,-,6,-,-,-,7,7
"합계","도봉구",2022,159,138,4,17,14,2,803,279020,156102,122918,14467665,13,7,6,-,2,2,-,-,11,5,6,-,6,7
"합계","도봉구",2023,179,161,10,8,28,13,519,248534,150721,97813,13128828,42,19,23,-,3,3,-,-,39,16,23,-,30,2
"합계","도봉구",2024,167,153,4,10,13,5,227,215051,99713,115338,12783102,15,7,8,-,-,-,-,-,15,7,8,-,9,7
"합계","노원구",2020,172,152,4,16,12,6,4449,383922,133610,250312,24636027,-,-,-,-,-,-,-,-,11,-,-,-,17,4
"합계","노원구",2021,173,154,4,15,17,7,1108,432605,231336,201269,44327213,-,-,-,-,1,-,-,-,12,-,-,-,21,3
"합계","노원구",2022,169,147,7,15,21,1,7006,376315,199302,177013,26480545,7,4,3,-,3,2,1,-,4,2,2,-,2,7
"합계","노원구",2023,198,170,10,18,16,6,615,463000,156155,306845,32673276,15,11,4,-,-,-,-,-,15,11,4,-,14,5
"합계","노원구",2024,172,145,10,17,15,12,907,1037023,332535,704488,33012618,13,9,4,-,1,1,-,-,12,8,4,-,23,6
"합계","은평구",2020,192,169,6,17,31,1,5914,504788,270762,234026,1315260,-,-,-,-,2,-,-,-,6,-,-,-,4,8
"합계","은평구",2021,160,145,2,13,18,11,882,875722,340436,535286,1550627,-,-,-,-,3,-,-,-,8,-,-,-,32,32
"합계","은평구",2022,217,195,3,19,15,6,3375,609785,191089,418696,1358389,17,10,7,-,1,-,1,-,16,10,6,-,12,8
"합계","은평구",2023,248,224,6,18,22,3,383,273087,140798,132289,12267584,7,6,1,-,-,-,-,-,7,6,1,-,8,13
"합계","은평구",2024,191,172,1,18,35,4,651,782819,457854,324965,17028396,11,6,5,-,3,2,1,-,8,4,4,-,8,22
"합계","서대문구",2020,220,194,3,23,15,2,783,928985,507160,421825,20493336,-,-,-,-,3,-,-,-,4,-,-,-,4,17
"합계","서대문구",2021,262,236,6,20,4,8,354,249728,122287,127441,14203941,-,-,-,-,-,-,-,-,7,-,-,-,11,4
"합계","서대문구",2022,223,196,6,21,8,4,946,496822,248014,248808,12367012,9,4,5,-,2,1,1,-,7,3,4,-,10,8
"합계","서대문구",2023,209,189,1,19,-,20,906,748336,501586,246750,2341423898,12,8,4,-,-,-,-,-,12,8,4,-,33,15
"합계","서대문구",2024,178,165,1,12,1,8,262,201441,93037,108404,410881179,12,4,8,-,1,-,1,-,11,4,7,-,17,13
"합계","마포구",2020,240,213,6,21,15,4,2194,2069049,1349817,719232,11887806,-,-,-,-,3,-,-,-,29,-,-,-,9,19
"합계","마포구",2021,242,212,5,25,15,4,556,591687,229022,362665,4559973,-,-,-,-,2,-,-,-,7,-,-,-,8,16
"합계","마포구",2022,250,237,-,13,34,19,964,638235,273997,364238,2278763,15,6,9,-,1,1,-,-,14,5,9,-,54,4
"합계","마포구",2023,271,254,6,11,41,7,977,1003983,571621,432362,4696294,7,4,3,-,2,1,1,-,5,3,2,-,28,13
"합계","마포구",2024,331,307,3,21,3,6,724,587775,311547,276228,10649086,11,5,6,-,-,-,-,-,11,5,6,-,8,10
"합계","양천구",2020,153,137,6,10,13,3,256,215416,86760,128656,7146862,-,-,-,-,-,-,-,-,4,-,-,-,5,3
"합계","양천구",2021,151,138,2,11,8,7,307,576094,192645,383449,3040677,-,-,-,-,2,-,-,-,3,-,-,-,16,6
"합계","양천구",2022,159,144,1,14,-,1,460,366561,182185,184376,60259544,6,4,2,-,-,-,-,-,6,4,2,-,4,12
"합계","양천구",2023,162,134,5,23,-,-,372,459875,183475,276400,9427025,11,7,4,-,-,-,-,-,11,7,4,-,-,2
"합계","양천구",2024,176,149,2,25,-,10,7038,2525470,1493398,1032072,7943698,32,23,8,1,1,-,1,-,31,23,7,1,21,6
"합계","강서구",2020,212,193,2,17,37,2,361,200966,91566,109400,19221505,-,-,-,-,3,-,-,-,5,-,-,-,2,9
"합계","강서구",2021,223,197,5,21,37,1,560,559614,196597,363017,17075512,-,-,-,-,2,-,-,-,12,-,-,-,42,9
"합계","강서구",2022,223,181,1,41,48,3,903,545016,194604,350412,13288084,15,10,5,-,4,3,1,-,11,7,4,-,4,9
"합계","강서구",2023,274,219,5,50,10,21,252,523453,180255,343198,32093877,5,4,1,-,-,-,-,-,5,4,1,-,39,33
"합계","강서구",2024,314,262,9,43,7,24,829,753102,300027,453075,30576024,8,6,2,-,1,1,-,-,7,5,2,-,32,13
"합계","구로구",2020,156,142,3,11,-,2,484,398359,208681,189678,64538574,-,-,-,-,2,-,-,-,6,-,-,-,6,1
"합계","구로구",2021,173,147,4,22,-,26,2889,1765589,883333,882256,21478152,-,-,-,-,1,-,-,-,7,-,-,-,27,12
"합계","구로구",2022,222,194,6,22,3,17,497,424132,139453,284679,13137593,5,4,1,-,-,-,-,-,5,4,1,-,24,2
"합계","구로구",2023,200,179,2,19,7,9,722,720757,348200,372557,4374910,11,10,1,-,2,2,-,-,9,8,1,-,22,22
"합계","구로구",2024,204,187,3,14,36,6,872,911734,445751,465983,8814556,6,3,3,-,1,1,-,-,5,2,3,-,9,15
"합계","금천구",2020,127,108,6,13,3,2,503,419587,256259,163328,17572851,-,-,-,-,2,-,-,-,9,-,-,-,8,13
"합계","금천구",2021,118,108,1,9,2,1,423,825255,170912,654343,3998605,-,-,-,-,2,-,-,-,8,-,-,-,1,1
"합계","금천구",2022,214,193,1,20,11,29,1061,934792,467717,467075,3820827,15,12,3,-,1,1,-,-,14,11,3,-,56,41
"합계","금천구",2023,192,174,4,14,8,14,182,630581,135304,495277,28593307,6,4,2,-,1,-,1,-,5,4,1,-,28,7
"합계","금천구",2024,228,207,1,20,13,36,1178,958345,618238,340107,26415623,21,7,12,2,1,-,1,-,20,7,11,2,59,35
"합계","영등포구",2020,225,203,5,17,2,5,649,674796,279030,395766,19320800,-,-,-,-,3,-,-,-,8,-,-,-,13,11
"합계","영등포구",2021,208,176,5,27,2,2,2052,913698,529638,384060,27062367,-,-,-,-,-,-,-,-,8,-,-,-,5,6
"합계","영등포구",2022,249,212,6,31,18,12,1258,823438,440327,383111,15495391,26,22,4,-,5,5,-,-,21,17,4,-,15,16
"합계","영등포구",2023,348,314,6,28,1,31,1309,1681193,600605,1080588,27336657,35,20,15,-,2,1,1,-,33,19,14,-,68,23
"합계","영등포구",2024,336,305,2,29,8,-,3484,1403031,754138,648893,43663230,10,7,3,-,-,-,-,-,10,7,3,-,-,7
"합계","동작구",2020,151,136,3,12,16,2,210,194251,81609,112642,22355167,-,-,-,-,-,-,-,-,7,-,-,-,2,6
"합계","동작구",2021,129,121,-,8,16,6,206,307365,100290,207075,4037972,-,-,-,-,3,-,-,-,9,-,-,-,9,2
"합계","동작구",2022,187,176,2,9,11,8,686,214638,114330,100308,67558388,18,10,8,-,1,-,1,-,17,10,7,-,12,25
"합계","동작구",2023,167,147,2,18,4,7,491,365656,209493,156163,1426928,19,12,7,-,1,-,1,-,18,12,6,-,18,8
"합계","동작구",2024,188,175,-,13,3,6,406,287334,133751,153583,963472,20,8,12,-,-,-,-,-,20,8,12,-,13,33
"합계","관악구",2020,219,195,4,20,68,10,816,646149,249984,396165,7478102,-,-,-,-,2,-,-,-,15,-,-,-,17,34
"합계","관악구",2021,259,224,7,28,43,25,1087,562294,289865,272429,6593390,-,-,-,-,2,-,-,-,17,-,-,-,35,30
"합계","관악구",2022,305,275,3,27,34,38,1003,337349,155294,182055,3722495,18,10,8,-,1,1,-,-,17,9,8,-,44,50
"합계","관악구",2023,281,244,3,34,25,19,778,469973,183301,286672,9213378,16,9,7,-,2,-,2,-,14,9,5,-,34,18
"합계","관악구",2024,240,212,6,22,2,9,361,425136,115423,309713,10599443,10,7,2,1,-,-,-,-,10,7,2,1,13,5
"합계","서초구",2020,240,205,1,34,31,5,2093,555349,234894,320455,14929631,-,-,-,-,1,-,-,-,10,-,-,-,11,30
"합계","서초구",2021,231,215,3,13,18,9,1758,549807,213184,336623,3919904,-,-,-,-,-,-,-,-,9,-,-,-,25,31
"합계","서초구",2022,216,195,3,18,21,13,2531,406287,146170,260117,11484022,13,9,4,-,-,-,-,-,13,9,4,-,19,43
"합계","서초구",2023,239,209,1,29,9,4,313,320440,85947,234493,26536318,8,6,2,-,1,1,-,-,7,5,2,-,6,13
"합계","서초구",2024,253,203,4,46,6,49,845,585691,305509,280182,2015189,8,6,2,-,-,-,-,-,8,6,2,-,67,8
"합계","강남구",2020,387,360,4,23,59,2,908,1451556,923684,527872,55087485,-,-,-,-,1,-,-,-,18,-,-,-,6,45
"합계","강남구",2021,391,356,6,29,36,13,1909,1354949,612282,742667,40396155,-,-,-,-,2,-,-,-,15,-,-,-,35,36
"합계","강남구",2022,437,402,9,26,64,28,1721,1923724,874519,1049205,330207705,17,12,5,-,-,-,-,-,17,12,5,-,32,54
"합계","강남구",2023,422,385,3,34,13,44,6395,2767956,1129051,1638905,63001659,10,3,7,-,-,-,-,-,10,3,7,-,63,6
"합계","강남구",2024,387,358,-,29,28,48,1557,1475352,680281,795071,65134752,16,15,1,-,1,1,-,-,15,14,1,-,178,72
"합계","송파구",2020,307,292,5,10,58,4,724,379677,184717,194960,14315436,-,-,-,-,1,-,-,-,7,-,-,-,6,14
"합계","송파구",2021,263,237,4,22,55,3,457,788289,228466,559823,13179557,-,-,-,-,1,-,-,-,5,-,-,-,7,19
"합계","송파구",2022,350,328,4,18,82,4,1424,1043294,490790,552504,5286418,13,12,1,-,1,1,-,-,12,11,1,-,8,11
"합계","송파구",2023,382,354,10,18,88,3,1222,894415,467104,427311,5729071,10,6,4,-,3,1,2,-,7,5,2,-,9,35
"합계","송파구",2024,389,367,8,14,48,19,696,678788,335981,342807,5164285,15,6,9,-,1,-,1,-,14,6,8,-,65,62
"합계","강동구",2020,221,203,4,14,29,10,519,363839,155078,208761,2988511,-,-,-,-,3,-,-,-,19,-,-,-,21,30
"합계","강동구",2021,211,188,5,18,33,4,817,346741,100171,246570,2683025,-,-,-,-,1,-,-,-,12,-,-,-,7,19
"합계","강동구",2022,194,162,2,30,51,6,2183,807586,300126,507460,18613019,26,14,12,-,1,1,-,-,25,13,12,-,98,21
"합계","강동구",2023,171,150,-,21,10,-,407,681957,144166,537791,24928028,5,2,3,-,1,-,1,-,4,2,2,-,-,2
"합계","강동구",2024,185,160,3,22,-,13,797,840985,414611,426374,18607127,23,13,7,3,2,2,-,-,21,11,7,3,19,17
