"소방서별(1)","시점",발생 (건),발생 (건),발생 (건),발생 (건),소실,소실,소실,피해액 (천원),피해액 (천원),피해액 (천원),재산피해 경감액 (천원),인명피해 (명),인명피해 (명),인명피해 (명),이재민수 (명),구조인원 (명)
"소방서별(1)","시점",소계,실화,방화,기타,동수 (동),이재가구수 (가구),면적 (㎡),소계,부동산,동산,소계,소계,사망,부상,소계,소계
"소방서별(1)","시점",소계,소계,소계,소계,소계,소계,소계,소계,소계,소계,소계,소계,소계,소계,소계,소계
"합계","2020",2499,2213,60,226,558,47,27761,5907121,1856165,4050956,328028909,179,13,166,100,266
"합계","2021",2271,2015,48,208,418,41,24139,6173646,2060994,4112652,208970665,154,16,138,75,109
"합계","2022",2488,2156,54,278,460,25,295097,9217306,3292356,5924950,208359077,185,33,152,45,130
"합계","2023",2468,2216,27,225,437,25,71826,11830264,3853039,7977225,2930575941,138,11,127,48,448
"합계","2024",2281,2008,52,221,353,34,25618,5911331,2197415,3713916,446793075,105,19,86,68,134
"중부소방서","2020",181,157,5,19,45,1,563,289529,92278,197251,16392793,18,3,15,1,18
"중부소방서","2021",142,127,4,11,29,3,433,293853,82187,211666,6377385,8,-,8,4,8
"중부소방서","2022",178,146,6,26,73,12,3812,355523,177496,178027,44129214,12,3,9,21,22
"중부소방서","2023",183,162,3,18,36,4,264,1403506,78390,1325116,97351570,6,1,5,4,19
"중부소방서","2024",159,139,3,17,27,-,897,170127,68361,101766,32655664,1,-,1,-,1
"부산진소방서","2020",328,296,10,22,47,1,1216,406956,171615,235341,88469408,22,1,21,2,40
"부산진소방서","2021",302,268,9,25,54,5,2002,900239,442287,457952,50117095,19,1,18,6,19
"부산진소방서","2022",285,250,7,28,26,1,565,267591,97404,170187,10124615,12,1,11,1,3
"부산진소방서","2023",300,277,3,20,38,7,3361,1081870,545034,536836,67823315,14,4,10,16,44
"부산진소방서","2024",289,262,7,20,47,2,798,329776,191353,138423,28602562,18,6,12,4,5
"동래소방서","2020",286,259,7,20,51,22,663,291655,138563,153092,17049619,28,3,25,44,93
"동래소방서","2021",250,226,6,18,15,29,1008,377677,208362,169315,9000161,35,1,34,58,36
"동래소방서","2022",257,232,6,19,7,7,511,385666,127691,257975,7559178,16,2,14,13,9
"동래소방서","2023",246,225,6,15,53,3,981,421139,223537,197602,2556517762,16,1,15,9,30
"동래소방서","2024",276,252,7,17,38,14,1040,375485,224757,150728,179017964,16,6,10,21,47
"북부소방서","2020",291,250,15,26,85,7,3637,1201490,407445,794045,12789651,29,-,29,15,7
"북부소방서","2021",265,233,9,23,58,1,6325,907303,212842,694461,14844670,25,2,23,2,5
"북부소방서","2022",289,252,9,28,37,-,5020,1046099,364035,682064,18916986,48,5,43,-,16
"북부소방서","2023",112,103,1,8,11,-,430,331885,74073,257812,7724884,8,-,8,-,14
"북부소방서","2024",117,102,3,12,14,-,424,345124,98624,246500,6286889,2,-,2,-,8
"사상소방서","2023",156,139,4,13,19,1,929,684507,149418,535089,4499233,6,-,6,4,1
"사상소방서","2024",153,130,6,17,17,-,920,755808,131951,623857,2204075,12,1,11,-,7
"사하소방서","2020",200,173,7,20,56,6,3650,369887,102163,267724,7533822,8,3,5,11,31
"사하소방서","2021",208,184,7,17,65,3,1101,611339,183517,427822,14652279,14,5,9,4,14
"사하소방서","2022",233,205,7,21,62,4,1168,639530,144561,494969,8648565,28,6,22,8,18
"사하소방서","2023",199,178,2,19,42,7,1874,719154,273974,445180,444669,10,1,9,10,11
"사하소방서","2024",179,148,7,24,22,9,1767,493838,166108,327730,-,8,3,5,24,10
"해운대소방서","2020",166,153,1,12,17,-,1193,164514,77967,86547,24378007,8,-,8,-,25
"해운대소방서","2021",179,159,2,18,17,-,628,192731,79546,113185,46494478,9,1,8,-,7
"해운대소방서","2022",212,194,2,16,41,-,1028,438402,190749,247653,40206428,18,7,11,-,18
"해운대소방서","2023",213,186,3,24,24,1,1871,1221383,662036,559347,41684195,23,1,22,1,220
"해운대소방서","2024",196,174,9,13,21,3,5329,333887,80717,253170,68849270,4,1,3,3,-
"금정소방서","2020",186,157,6,23,35,2,2760,361180,105577,255603,13009325,30,1,29,3,30
"금정소방서","2021",163,147,1,15,28,-,2488,398565,129206,269359,10947316,7,2,5,-,5
"금정소방서","2022",165,136,4,25,40,-,204776,602597,226981,375616,15874435,25,3,22,-,11
"금정소방서","2023",166,152,1,13,22,-,1637,182465,64822,117643,4061494,4,-,4,-,5
"금정소방서","2024",147,124,-,23,12,-,2900,971837,249752,722085,5125156,4,-,4,-,10
"남부소방서","2020",248,223,7,18,43,8,2096,720647,256394,464253,54930176,10,-,10,24,10
"남부소방서","2021",223,196,4,23,25,-,1499,700044,179255,520789,28869931,7,3,4,1,-
"남부소방서","2022",221,194,5,22,27,-,558,208160,128498,79662,38421374,8,1,7,-,19
"남부소방서","2023",281,263,1,17,50,-,1431,321237,186973,134264,23188210,6,1,5,-,20
"남부소방서","2024",246,222,5,19,43,5,596,323234,157560,165674,30512915,6,-,6,13,26
"강서소방서","2020",313,277,-,36,112,-,8638,1034170,354943,679227,73414319,10,-,10,-,2
"강서소방서","2021",285,247,2,36,62,-,4668,1104253,350169,754084,14440790,8,-,8,-,1
"강서소방서","2022",332,271,3,58,66,-,37920,1157656,467235,690421,14384088,6,2,4,-,-
"강서소방서","2023",303,263,1,39,72,1,13163,2829552,613241,2216311,30320212,5,1,4,2,5
"강서소방서","2024",267,240,1,26,55,1,6602,797811,201872,595939,63065138,15,1,14,3,1
"기장소방서","2020",200,173,2,25,62,-,2940,692888,73766,619122,19820928,13,2,11,-,3
"기장소방서","2021",170,151,1,18,46,-,3420,421471,153746,267725,2887212,16,1,15,-,9
"기장소방서","2022",211,182,5,24,62,1,31716,2662236,1118222,1544014,7470539,10,3,7,2,10
"기장소방서","2023",199,171,1,27,48,-,44939,2293607,846762,1446845,7270251,8,-,8,-,69
"기장소방서","2024",170,145,2,23,36,-,3802,781050,503483,277567,18181138,12,1,11,-,16
"항만소방서","2020",100,95,-,5,5,-,406,374205,75454,298751,240861,3,-,3,-,7
"항만소방서","2021",84,77,3,4,19,-,567,266171,39877,226294,10339348,6,-,6,-,5
"항만소방서","2022",105,94,-,11,19,-,8023,1453846,249484,1204362,2623655,2,-,2,-,4
"항만소방서","2023",110,97,1,12,22,1,946,339959,134779,205180,89690146,32,1,31,2,10
"항만소방서","2024",82,70,2,10,21,-,544,233354,122877,110477,12292304,7,-,7,-,3
